{"main":"api.raml","name":"s-productcursos-api","groupId":"9b19af13-9646-4d87-83a1-7dfd2965a5de","assetId":"s-productcursos-api","version":"1.0.1","classifier":"raml","tags":[],"dependencies":[{"groupId":"9b19af13-9646-4d87-83a1-7dfd2965a5de","assetId":"product-datatype","version":"1.0.0"},{"groupId":"9b19af13-9646-4d87-83a1-7dfd2965a5de","assetId":"pageable-trait","version":"1.0.0"},{"groupId":"9b19af13-9646-4d87-83a1-7dfd2965a5de","assetId":"rest-headers-trait","version":"1.0.0"},{"groupId":"9b19af13-9646-4d87-83a1-7dfd2965a5de","assetId":"client-id-secured-trait","version":"1.0.0"},{"groupId":"9b19af13-9646-4d87-83a1-7dfd2965a5de","assetId":"error-datatype","version":"1.0.0"}],"descriptorVersion":"1.0.0","organizationId":"9b19af13-9646-4d87-83a1-7dfd2965a5de","apiVersion":"v1","originalFormatVersion":"1.0","metadata":{"projectId":"904948e8-9cde-48cf-a744-4a826d0a09eb","branchId":"master","commitId":"0cd3676dd1b5d3450ede7dcdc84c4df35a7fb6b6"}}